{"assets/1.gif":["assets/1.gif"],"assets/2.gif":["assets/2.gif"],"assets/3.gif":["assets/3.gif"],"assets/4.gif":["assets/4.gif"],"assets/5.gif":["assets/5.gif"],"assets/applelogo.png":["assets/applelogo.png"],"assets/fdroidlogo.png":["assets/fdroidlogo.png"],"assets/googlelogo.png":["assets/googlelogo.png"],"assets/logo.png":["assets/logo.png"],"assets/swimstatsintropicture.png":["assets/swimstatsintropicture.png"],"assets/titlelogo.png":["assets/titlelogo.png"],"assets/tutorial1.png":["assets/tutorial1.png"],"assets/tutorial2.png":["assets/tutorial2.png"],"assets/tutorial3.png":["assets/tutorial3.png"],"assets/tutorial4.png":["assets/tutorial4.png"],"packages/cupertino_icons/assets/CupertinoIcons.ttf":["packages/cupertino_icons/assets/CupertinoIcons.ttf"],"packages/fluttertoast/assets/toastify.css":["packages/fluttertoast/assets/toastify.css"],"packages/fluttertoast/assets/toastify.js":["packages/fluttertoast/assets/toastify.js"]}